Year,County/State,ACTUAL_COUNT,Latitude,Longitude
2013,"ALLEN, Ohio",2,40.769946,-84.1435136
2013,"NELSON, Virginia",1,37.7478599,-78.8835548
2013,"ST LOUIS, Missouri",6,38.6270025,-90.1994042
2014,"ARAPAHOE, Colorado",4,39.62031,-104.332644
2014,"BEXAR, Texas",3,29.4200763,-98.5721016
2014,"BOONE, Missouri",1,39.0468547,-92.3813621
2014,"CHAMBERS, Texas",2,29.7524956,-94.6863782
2014,"COLLIER, Florida",12,26.069985,-81.4278984
2014,"COOK, Illinois",1,41.7376587,-87.697554
2014,"HARRIS, Texas",8,29.7751825,-95.3102505
2014,"HILLSBOROUGH, Florida",4,27.9903597,-82.3017728
2014,"HORRY, South Carolina",1,33.9196567,-78.9288242
2014,"INDIAN RIVER, Florida",3,28.2142068,-80.6431877
2014,"JEFFERSON, Colorado",1,39.377255,-105.8005988
2014,"JIM HOGG, Texas",1,26.995506,-98.7481167
2014,"JIM WELLS, Texas",3,27.7841718,-98.0465185
2014,"JOHNSON, Tennessee",1,36.3134397,-82.3534727
2014,"LA SALLE, Texas",1,28.2758921,-99.1013498
2014,"LEE, Florida",1,30.4196584,-83.3004216
2014,"MADISON, Illinois",2,38.6825502,-90.1570536
2014,"MANATEE, Florida",1,27.4799195,-82.345189
2014,"ORANGE, Florida",5,29.1383165,-80.9956105
2014,"OSCEOLA, Florida",4,28.1019838,-81.0754657
2014,"POLK, Minnesota",1,47.6635085,-96.4170534
2014,"RANDOLPH, Illinois",2,38.0629321,-89.7755338
2014,"SANGAMON, Illinois",8,39.7337353,-89.6251646
2014,"SMITH, Texas",1,32.3352505,-95.3102505
2014,"ST LOUIS, Missouri",2,38.6270025,-90.1994042
2014,"WILLACY, Texas",5,26.4948223,-97.6982272
2015,"ALLEN, Ohio",2,40.769946,-84.1435136
2015,"ANOKA, Minnesota",2,45.1977428,-93.3871758
2015,"ARAPAHOE, Colorado",5,39.62031,-104.332644
2015,"BEE, Texas",1,28.3624206,-97.6982272
2015,"BENTON, Washington",1,46.3166362,-119.5021582
2015,"BEXAR, Texas",1,29.4200763,-98.5721016
2015,"CARVER, Minnesota",3,44.7633943,-93.6254404
2015,"FAYETTE, Tennessee",1,35.1257427,-89.4742177
2015,"FILLMORE, Minnesota",1,43.7485749,-92.2682204
2015,"FLOYD, Texas",1,33.148727,-96.244978
2015,"FREDERICK, Maryland",1,39.4142688,-77.4105409
2015,"GRAINGER, Tennessee",1,36.3059333,-83.5496566
2015,"GREENVILLE, South Carolina",10,34.8526176,-82.3940104
2015,"HARRIS, Texas",18,29.7751825,-95.3102505
2015,"HENRICO, Virginia",2,37.5059332,-77.3324425
2015,"HOWARD, Maryland",3,39.2873463,-76.964306
2015,"INGHAM, Michigan",4,42.6468943,-84.3542049
2015,"JIM WELLS, Texas",5,27.7841718,-98.0465185
2015,"KIMBLE, Texas",1,30.4338473,-99.8124935
2015,"LAURENS, South Carolina",1,34.4990116,-82.0142597
2015,"MONTGOMERY, Maryland",5,39.1547426,-77.2405153
2015,"NEWTON, Texas",2,30.8485724,-93.7600658
2015,"NICOLLET, Minnesota",2,44.2760774,-94.1874633
2015,"SHELBY, Tennessee",1,35.1268552,-89.9253233
2015,"ST LOUIS, Missouri",6,38.6270025,-90.1994042
2015,"STEARNS, Minnesota",1,45.5844792,-94.5865603
2015,"WILLACY, Texas",9,26.4948223,-97.6982272
2016,"ALACHUA, Florida",1,29.7938144,-82.4944226
2016,"ALLEN, Ohio",1,40.769946,-84.1435136
2016,"ANNE ARUNDEL, Maryland",2,38.9530109,-76.5488232
2016,"ARAPAHOE, Colorado",3,39.62031,-104.332644
2016,"BELTRAMI, Minnesota",1,47.5424684,-96.530344
2016,"BEXAR, Texas",1,29.4200763,-98.5721016
2016,"BOSQUE, Texas",1,31.8507607,-97.6982272
2016,"CARBON, Wyoming",2,41.6032207,-106.912251
2016,"CHAMPAIGN, Illinois",1,40.1164204,-88.2433829
2016,"CHEROKEE, Oklahoma",1,36.7544746,-98.3567403
2016,"CLACKAMAS, Oregon",1,45.4076205,-122.5703692
2016,"COLLIER, Florida",4,26.069985,-81.4278984
2016,"COOKE, Texas",1,33.6672185,-97.3516558
2016,"EATON, Michigan",1,42.5886496,-84.7733325
2016,"ESCAMBIA, Florida",2,30.6389408,-87.3413599
2016,"FORT BEND, Texas",2,29.5692614,-95.8142885
2016,"GREENVILLE, South Carolina",13,34.8526176,-82.3940104
2016,"GREGG, Texas",1,32.4892547,-94.8520636
2016,"HARRIS, Texas",23,29.7751825,-95.3102505
2016,"HENRICO, Virginia",7,37.5059332,-77.3324425
2016,"HIDALGO, Texas",1,26.1003547,-98.2630684
2016,"HILLSBOROUGH, Florida",2,27.9903597,-82.3017728
2016,"HOWARD, Maryland",6,39.2873463,-76.964306
2016,"HUTCHINSON, Texas",3,35.8031909,-101.4339148
2016,"JEFFERSON, Louisiana",114,29.9660371,-90.1531298
2016,"JIM WELLS, Texas",1,27.7841718,-98.0465185
2016,"JOHNSON, Tennessee",1,36.3134397,-82.3534727
2016,"KENT, Delaware",2,39.1440612,-75.4344727
2016,"KITSAP, Washington",1,47.6476607,-122.6412583
2016,"KLEBERG, Texas",8,27.4308339,-97.6982272
2016,"LEE, Florida",4,30.4196584,-83.3004216
2016,"MCKENZIE, North Dakota",1,47.7714179,-103.4122495
2016,"MIAMI-DADE, Florida",42,25.5516034,-80.6326916
2016,"MONTGOMERY, Maryland",1,39.1547426,-77.2405153
2016,"NOLAN, Texas",1,32.2735525,-100.2442826
2016,"ORANGE, Florida",3,29.1383165,-80.9956105
2016,"OSCEOLA, Florida",1,28.1019838,-81.0754657
2016,"OTTER TAIL, Minnesota",1,46.5189435,-95.8935983
2016,"PALM BEACH, Florida",9,26.7056206,-80.0364297
2016,"RANDOLPH, Illinois",2,38.0629321,-89.7755338
2016,"ROOSEVELT, Montana",1,48.2850231,-105.1099231
2016,"SEMINOLE, Florida",3,27.8397466,-82.7912134
2016,"ST LOUIS, Minnesota",1,47.7395106,-92.3623921
2016,"ST LOUIS, Missouri",11,38.6270025,-90.1994042
2016,"SUSSEX, Delaware",10,38.6530841,-75.4344727
2016,"TANGIPAHOA, Louisiana",1,30.8760151,-90.5120391
2016,"VOLUSIA, Florida",2,29.0279842,-81.0754657
2016,"WHITE, Arkansas",2,35.2900612,-91.7538817
2016,"WILLACY, Texas",20,26.4948223,-97.6982272
2016,"WINNEBAGO, Illinois",1,42.2661311,-89.2412202
2017,"ARAPAHOE, Colorado",2,39.62031,-104.332644
2017,"AUSTIN, Texas",1,30.267153,-97.7430608
2017,"BEXAR, Texas",1,29.4200763,-98.5721016
2017,"BLUE EARTH, Minnesota",10,43.6375818,-94.1023906
2017,"BOWIE, Texas",1,33.5589953,-97.8486457
2017,"BOX ELDER, Utah",1,41.5380087,-113.1918021
2017,"BRAZOS, Texas",1,30.6504141,-96.3226072
2017,"BROWN, Wisconsin",12,44.4561674,-87.9334803
2017,"CALEDONIA, Vermont",1,44.55051,-72.0481907
2017,"CALHOUN, Michigan",1,42.2073905,-85.023346
2017,"CAMDEN, Missouri",1,38.0322944,-92.6983868
2017,"CARVER, Minnesota",3,44.7633943,-93.6254404
2017,"CHAMBERS, Texas",4,29.7524956,-94.6863782
2017,"CHESTER, South Carolina",1,34.7048613,-81.2142561
2017,"CHITTENDEN, Vermont",2,43.7271064,-72.9428417
2017,"CLAIBORNE, Tennessee",1,36.4830423,-83.634843
2017,"CROCKETT, Tennessee",1,35.7812386,-89.1324866
2017,"CROW WING, Minnesota",1,46.2799671,-94.2924998
2017,"DANE, Wisconsin",3,43.2505472,-89.5015088
2017,"DOUGLAS, Colorado",1,39.2587106,-104.9388853
2017,"FRANKLIN, Kentucky",52,36.7187855,-86.5785573
2017,"GALLATIN, Montana",1,45.5388865,-111.1194231
2017,"GREENVILLE, South Carolina",20,34.8526176,-82.3940104
2017,"HARDEMAN, Tennessee",1,35.1229172,-89.0179332
2017,"HARRIS, Texas",25,29.7751825,-95.3102505
2017,"HENNEPIN, Minnesota",1,45.0208911,-93.5094574
2017,"HENRICO, Virginia",5,37.5059332,-77.3324425
2017,"HIDALGO, Texas",1,26.1003547,-98.2630684
2017,"HOPKINS, Texas",1,33.2282942,-95.4777811
2017,"HOUSTON, Minnesota",4,43.7632995,-91.5684764
2017,"INGHAM, Michigan",1,42.6468943,-84.3542049
2017,"JACKSON, Michigan",1,42.245869,-84.4013462
2017,"JEFFERSON, Colorado",3,39.377255,-105.8005988
2017,"JEFFERSON, Louisiana",51,29.9660371,-90.1531298
2017,"KALAMAZOO, Michigan",1,42.2917069,-85.5872286
2017,"KANKAKEE, Illinois",1,41.1200325,-87.8611531
2017,"KENT, Delaware",4,39.1440612,-75.4344727
2017,"KITSAP, Washington",1,47.6476607,-122.6412583
2017,"KNOX, Tennessee",1,35.9874629,-83.9419784
2017,"LAFAYETTE, Louisiana",1,30.2240897,-92.0198427
2017,"LARIMER, Colorado",1,40.6955572,-105.5943388
2017,"LENAWEE, Michigan",1,41.8433859,-84.0167423
2017,"MACKINAC, Michigan",1,45.8683129,-84.6275658
2017,"MADISON, Illinois",2,38.6825502,-90.1570536
2017,"MADISON, Tennessee",1,36.2562002,-86.7143516
2017,"MAURY, Tennessee",1,35.6195242,-87.1422895
2017,"MONROE, Tennessee",1,36.4370083,-85.2424622
2017,"MORTON, North Dakota",2,46.6683872,-101.1621736
2017,"NORFOLK, Massachusetts",2,42.1195426,-71.3250563
2017,"PICKENS, South Carolina",1,34.8834489,-82.7073573
2017,"PINAL, Arizona",7,32.8162061,-111.2845025
2017,"RANDALL, Texas",1,34.9020377,-101.7979613
2017,"RANDOLPH, Illinois",1,38.0629321,-89.7755338
2017,"SALUDA, South Carolina",1,34.0015232,-81.7720522
2017,"SHELBY, Tennessee",2,35.1268552,-89.9253233
2017,"ST LOUIS, Missouri",16,38.6270025,-90.1994042
2017,"ST TAMMANY, Louisiana",1,30.4357418,-89.9253233
2017,"STARR, Texas",1,26.6215167,-98.7481167
2017,"STONE, Missouri",1,36.7748882,-93.4599326
2017,"SUSSEX, Delaware",1,38.6530841,-75.4344727
2017,"SWEETWATER, Wyoming",1,41.8519395,-109.1880047
2017,"WARD, North Dakota",1,48.2147451,-101.5805256
2017,"WARREN, Kentucky",1,36.9886043,-86.4996546
2017,"WASHINGTON, Minnesota",1,44.8896877,-92.8577105
2017,"WASHINGTON, Oregon",1,45.5469616,-123.1386021
2017,"WASHTENAW, Michigan",1,42.3076493,-83.8473015
2017,"WAYNE, Michigan",1,42.2814269,-83.3863214
2017,"WEBB, Texas",43,27.7925109,-99.4228149
2017,"WILLACY, Texas",6,26.4948223,-97.6982272
2017,"WINNEBAGO, Illinois",2,42.2661311,-89.2412202
2017,"WINONA, Minnesota",2,44.0553908,-91.6663523
2018,"ADAMS, Colorado",1,39.8398269,-104.1930918
2018,"ALLEN, Kentucky",1,37.6100457,-82.7279705
2018,"BAY, Michigan",1,43.7109732,-84.0167423
2018,"BENSON, North Dakota",1,48.088634,-99.4648442
2018,"BERKELEY, West Virginia",2,39.4885604,-78.0651931
2018,"BERRIEN, Michigan",1,42.0320742,-86.7416374
2018,"BEXAR, Texas",1,29.4200763,-98.5721016
2018,"BOLLINGER, Missouri",1,37.2115595,-90.0746767
2018,"BOULDER, Colorado",1,40.0149856,-105.2705456
2018,"BULLITT, Kentucky",1,37.9842107,-85.684578
2018,"BURNET, Texas",10,30.7582376,-98.2283585
2018,"CARROLL, Virginia",1,36.6778699,-80.7214417
2018,"CHAMBERS, Texas",2,29.7524956,-94.6863782
2018,"CHEROKEE, South Carolina",1,35.0120404,-81.6035062
2018,"CHESTERFIELD, South Carolina",1,34.7359889,-80.0881194
2018,"CLINTON, Michigan",1,42.0719866,-83.9716095
2018,"COLLIER, Florida",4,26.069985,-81.4278984
2018,"COMAL, Texas",1,29.8105572,-98.2212979
2018,"CREEK, Oklahoma",1,35.8362494,-96.3226072
2018,"DALLAS, Texas",1,32.7766642,-96.7969879
2018,"DODGE, Wisconsin",1,44.1321852,-91.5520942
2018,"DUBOIS, Indiana",1,38.357918,-86.8220341
2018,"EL PASO, Colorado",1,38.9108325,-104.4723301
2018,"FAYETTE, West Virginia",1,38.0615913,-81.0754657
2018,"FORT BEND, Texas",1,29.5692614,-95.8142885
2018,"FRANKLIN, Kentucky",5,36.7187855,-86.5785573
2018,"FRANKLIN, Vermont",1,44.9812585,-72.9165547
2018,"FREEBORN, Minnesota",1,43.76579,-93.5641078
2018,"GENESEE, Michigan",4,43.0777289,-83.6773928
2018,"GREENVILLE, South Carolina",2,34.8526176,-82.3940104
2018,"HAMILTON, Tennessee",1,35.1618966,-85.1479364
2018,"HARRIS, Texas",13,29.7751825,-95.3102505
2018,"HARRISON, Mississippi",1,30.432087,-89.0179332
2018,"HENNEPIN, Minnesota",7,45.0208911,-93.5094574
2018,"HENRICO, Virginia",3,37.5059332,-77.3324425
2018,"HERNANDO, Florida",11,28.8999815,-82.3745401
2018,"HILLSBOROUGH, Florida",6,27.9903597,-82.3017728
2018,"HORRY, South Carolina",1,33.9196567,-78.9288242
2018,"INGHAM, Michigan",2,42.6468943,-84.3542049
2018,"IOSCO, Michigan",1,44.3340462,-83.6386226
2018,"ISANTI, Minnesota",1,45.4894008,-93.2476091
2018,"JACKSON, Michigan",2,42.245869,-84.4013462
2018,"JACKSON, West Virginia",1,38.8139943,-81.647344
2018,"JEFFERSON, Colorado",3,39.377255,-105.8005988
2018,"JEFFERSON, Louisiana",10,29.9660371,-90.1531298
2018,"JIM WELLS, Texas",1,27.7841718,-98.0465185
2018,"KALAMAZOO, Michigan",1,42.2917069,-85.5872286
2018,"KANKAKEE, Illinois",1,41.1200325,-87.8611531
2018,"KENT, Michigan",2,43.0097027,-85.520024
2018,"KING, Washington",1,47.5480339,-121.9836029
2018,"KITSAP, Washington",1,47.6476607,-122.6412583
2018,"KNOX, Illinois",6,40.9342048,-90.2548467
2018,"LAFAYETTE, Louisiana",1,30.2240897,-92.0198427
2018,"LAKE, Florida",2,28.6736915,-81.3636586
2018,"LAURENS, South Carolina",1,34.4990116,-82.0142597
2018,"LEE, Florida",1,30.4196584,-83.3004216
2018,"LINCOLN, Wisconsin",1,44.6180518,-87.6420375
2018,"MACOMB, Michigan",1,42.6651965,-82.9286428
2018,"MANATEE, Florida",1,27.4799195,-82.345189
2018,"MARION, Indiana",1,40.5583739,-85.6591442
2018,"MARION, Tennessee",3,35.0928512,-85.643487
2018,"MARSHALL, Minnesota",1,44.448423,-95.7911916
2018,"MARTIN, Minnesota",1,43.6266807,-94.479976
2018,"MIDLAND, Texas",1,31.9973456,-102.0779146
2018,"MISSAUKEE, Michigan",1,44.366621,-85.023346
2018,"MONTGOMERY, Tennessee",2,36.4960406,-87.460397
2018,"MONTGOMERY, Texas",3,30.3882613,-95.6963355
2018,"NEW CASTLE, Delaware",1,39.6620397,-75.5668166
2018,"NODAWAY, Missouri",1,40.2907281,-94.8105955
2018,"ONEIDA, Wisconsin",1,44.4799393,-88.2266434
2018,"ORANGE, Florida",6,29.1383165,-80.9956105
2018,"OSCEOLA, Florida",1,28.1019838,-81.0754657
2018,"OSCEOLA, Michigan",1,43.9257279,-85.354965
2018,"PALM BEACH, Florida",20,26.7056206,-80.0364297
2018,"PASCO, Florida",3,28.3232418,-82.4319405
2018,"PIMA, Arizona",1,32.8961755,-109.8275815
2018,"PINAL, Arizona",2,32.8162061,-111.2845025
2018,"POLK, Florida",1,27.8617347,-81.6911559
2018,"PRINCE WILLIAM, Virginia",3,38.7838939,-77.6077865
2018,"PUTNAM, Indiana",2,39.690997,-86.8220341
2018,"RAMSEY, Minnesota",1,45.2611,-93.45
2018,"RICE, Minnesota",1,45.7529003,-94.2223283
2018,"SAGINAW, Michigan",1,43.4194699,-83.9508068
2018,"SARASOTA, Florida",1,27.3364347,-82.5306527
2018,"SCHOOLCRAFT, Michigan",1,42.1142107,-85.6377776
2018,"SEMINOLE, Florida",1,27.8397466,-82.7912134
2018,"ST JOSEPH, Michigan",2,42.0938577,-86.4895463
2018,"ST LOUIS, Missouri",11,38.6270025,-90.1994042
2018,"ST LUCIE, Florida",1,27.499208,-80.3421984
2018,"STARR, Texas",2,26.6215167,-98.7481167
2018,"STEARNS, Minnesota",2,45.5844792,-94.5865603
2018,"STONE, Missouri",1,36.7748882,-93.4599326
2018,"SUSSEX, Delaware",3,38.6530841,-75.4344727
2018,"SWEETWATER, Wyoming",4,41.8519395,-109.1880047
2018,"TARRANT, Texas",34,32.7732044,-97.3516558
2018,"TULSA, Oklahoma",1,36.1539816,-95.992775
2018,"VICTORIA, Texas",1,28.8052674,-97.0035982
2018,"VOLUSIA, Florida",1,29.0279842,-81.0754657
2018,"WASHINGTON, Vermont",1,44.105619,-72.432601
2018,"WAYNE, Michigan",5,42.2814269,-83.3863214
2018,"WEBB, Texas",6,27.7925109,-99.4228149
2018,"WILLACY, Texas",2,26.4948223,-97.6982272
2018,"WRIGHT, Minnesota",2,46.6715593,-93.0074403
2019,"ACCOMACK, Virginia",1,37.7063323,-75.8069082
2019,"ALBEMARLE, Virginia",1,38.0567092,-78.6114999
2019,"ALLEN, Kentucky",1,37.6100457,-82.7279705
2019,"ALLEN, Ohio",6,40.769946,-84.1435136
2019,"AMHERST, Virginia",1,37.5851412,-79.0514134
2019,"ANNE ARUNDEL, Maryland",8,38.9530109,-76.5488232
2019,"ARAPAHOE, Colorado",2,39.62031,-104.332644
2019,"ARLINGTON, Virginia",3,38.8816208,-77.0909809
2019,"BAKER, Florida",1,30.7971318,-86.681344
2019,"BALTIMORE, Maryland",2,39.2903848,-76.6121893
2019,"BELL, Texas",3,31.134411,-97.5247243
2019,"BERKELEY, West Virginia",13,39.4885604,-78.0651931
2019,"BERNALILLO, New Mexico",2,35.30004,-106.5511369
2019,"BEXAR, Texas",3,29.4200763,-98.5721016
2019,"BOSSIER, Louisiana",1,32.5159852,-93.7321228
2019,"BOWIE, Texas",1,33.5589953,-97.8486457
2019,"BRADLEY, Tennessee",4,35.1937778,-84.8567932
2019,"BRAXTON, West Virginia",2,38.7023371,-80.7214417
2019,"BROOKE, West Virginia",2,40.2697757,-80.5660657
2019,"BROWN, Wisconsin",4,44.4561674,-87.9334803
2019,"CARSON CITY, Nevada",1,39.1637984,-119.7674034
2019,"CATAWBA, North Carolina",4,35.7073558,-81.0756345
2019,"CHAMBERS, Texas",1,29.7524956,-94.6863782
2019,"CHEROKEE, Georgia",1,34.2514526,-84.4802606
2019,"CHESTERFIELD, Virginia",1,37.3673217,-77.6077865
2019,"CHITTENDEN, Vermont",4,43.7271064,-72.9428417
2019,"CLAY, Indiana",1,39.368622,-87.1422895
2019,"CLAYTON, Georgia",1,34.8781479,-83.4009933
2019,"CLEVELAND, North Carolina",1,35.7331953,-80.6770111
2019,"COBB, Georgia",1,33.8999297,-84.564147
2019,"COLLIER, Florida",3,26.069985,-81.4278984
2019,"CONCHO, Texas",1,31.3431641,-99.8124935
2019,"COOKE, Texas",1,33.6672185,-97.3516558
2019,"COWETA, Georgia",11,33.3716708,-84.7315563
2019,"CUMBERLAND, North Carolina",11,34.9542604,-78.7476208
2019,"DEKALB, Georgia",1,33.7956441,-84.2278796
2019,"DODDRIDGE, West Virginia",3,39.2367791,-80.6770787
2019,"DODGE, Wisconsin",2,44.1321852,-91.5520942
2019,"DOUGLAS, Colorado",2,39.2587106,-104.9388853
2019,"DOUGLAS, Nebraska",3,40.5939437,-96.3877734
2019,"DUPAGE, Illinois",1,41.8243831,-88.0900762
2019,"EAU CLAIRE, Wisconsin",1,44.811349,-91.4984941
2019,"EDWARDS, Texas",4,29.9282955,-100.439656
2019,"ELLIS, Texas",1,32.2619765,-96.8350999
2019,"FANNIN, Georgia",1,34.8580405,-84.2278796
2019,"FAYETTE, West Virginia",1,38.0615913,-81.0754657
2019,"FLAGLER, Florida",1,29.4086072,-81.2518833
2019,"FRANKLIN, Kentucky",28,36.7187855,-86.5785573
2019,"FULTON, Georgia",2,33.8033965,-84.3962535
2019,"GENESEE, Michigan",43,43.0777289,-83.6773928
2019,"GEORGETOWN, South Carolina",1,33.376834,-79.2944964
2019,"GILMER, West Virginia",1,38.9203312,-80.8543847
2019,"GRAHAM, North Carolina",1,36.0678765,-79.400393
2019,"GRAND FORKS, North Dakota",1,47.9252568,-97.0328547
2019,"GREEN LAKE, Wisconsin",2,43.8441481,-88.9601133
2019,"GREENBRIER, West Virginia",1,38.0198478,-80.543845
2019,"GREENVILLE, South Carolina",11,34.8526176,-82.3940104
2019,"HALL, Georgia",2,34.30778,-83.804868
2019,"HAMPSHIRE, West Virginia",1,39.3349019,-78.5660852
2019,"HARFORD, Maryland",2,39.5838964,-76.3637285
2019,"HARRIS, Texas",10,29.7751825,-95.3102505
2019,"HAYWOOD, North Carolina",4,35.624394,-82.9931607
2019,"HENNEPIN, Minnesota",7,45.0208911,-93.5094574
2019,"HENRICO, Virginia",22,37.5059332,-77.3324425
2019,"HERNANDO, Florida",1,28.8999815,-82.3745401
2019,"HILLSBOROUGH, Florida",9,27.9903597,-82.3017728
2019,"HOPKINS, Texas",1,33.2282942,-95.4777811
2019,"HORRY, South Carolina",1,33.9196567,-78.9288242
2019,"HOWARD, Maryland",9,39.2873463,-76.964306
2019,"HUBBARD, Minnesota",1,47.1860527,-94.9411423
2019,"HUNT, Texas",5,30.0710434,-99.3379764
2019,"HUNTINGTON, Indiana",2,40.8831011,-85.497476
2019,"ISANTI, Minnesota",1,45.4894008,-93.2476091
2019,"ITASCA, Minnesota",1,47.5507924,-93.5683651
2019,"JACKSON, Michigan",1,42.245869,-84.4013462
2019,"JACKSON, North Carolina",1,36.3895976,-77.4213614
2019,"JEFFERSON, Colorado",2,39.377255,-105.8005988
2019,"JEFFERSON, Louisiana",6,29.9660371,-90.1531298
2019,"JIM WELLS, Texas",4,27.7841718,-98.0465185
2019,"JOHNSTON, North Carolina",1,35.4403514,-78.3842227
2019,"KIMBLE, Texas",1,30.4338473,-99.8124935
2019,"KING, Washington",4,47.5480339,-121.9836029
2019,"KIOWA, Colorado",3,39.3472095,-104.4644112
2019,"KNOX, Kentucky",1,36.9260578,-83.8897057
2019,"LACLEDE, Missouri",2,39.7855793,-93.1665932
2019,"LAFAYETTE, Louisiana",1,30.2240897,-92.0198427
2019,"LAKE, Illinois",2,42.3689363,-87.8271534
2019,"LAPEER, Michigan",2,43.0514161,-83.3188341
2019,"LEE, Florida",12,30.4196584,-83.3004216
2019,"LEE, Virginia",1,36.7075931,-83.0361376
2019,"LINCOLN, West Virginia",1,38.1761009,-82.0842901
2019,"LOGAN, West Virginia",3,37.8487147,-81.9934581
2019,"LUNENBURG, Virginia",1,36.9261435,-78.2476146
2019,"MACKINAC, Michigan",1,45.8683129,-84.6275658
2019,"MACOMB, Michigan",1,42.6651965,-82.9286428
2019,"MARION, Indiana",1,40.5583739,-85.6591442
2019,"MARION, West Virginia",1,39.5288627,-80.2321313
2019,"MARSHALL, West Virginia",1,38.4236242,-82.4247401
2019,"MASON, West Virginia",1,39.021745,-82.0290296
2019,"MATHEWS, Virginia",1,37.437006,-76.3206618
2019,"MAUI, Hawaii",1,20.7983626,-156.3319253
2019,"MERCER, West Virginia",2,37.4322638,-81.1196075
2019,"MONTGOMERY, Ohio",2,39.2281143,-84.3541062
2019,"MONTGOMERY, Texas",2,30.3882613,-95.6963355
2019,"MORGAN, West Virginia",1,39.5073361,-78.2476146
2019,"MULTNOMAH, Oregon",1,45.5145659,-122.5863211
2019,"MUSKEGON, Michigan",1,43.2341813,-86.2483921
2019,"NEW CASTLE, Delaware",5,39.6620397,-75.5668166
2019,"NEW HANOVER, North Carolina",1,34.2154913,-77.8824596
2019,"NICHOLAS, West Virginia",2,38.3307714,-80.7657804
2019,"OHIO, West Virginia",1,40.1111311,-80.610489
2019,"ONEIDA, Wisconsin",2,44.4799393,-88.2266434
2019,"ORANGE, Florida",6,29.1383165,-80.9956105
2019,"OUTAGAMIE, Wisconsin",1,44.4636545,-88.4016041
2019,"PALM BEACH, Florida",28,26.7056206,-80.0364297
2019,"PASCO, Florida",4,28.3232418,-82.4319405
2019,"PAULDING, Georgia",15,33.9142,84.8985
2019,"PEACH, Georgia",2,32.5892926,-83.8260884
2019,"PIERCE, Georgia",2,31.343806,-82.1713632
2019,"PIKE, Kentucky",1,37.4842087,-82.4752757
2019,"PINE, Minnesota",1,46.0983087,-92.8070708
2019,"POCAHONTAS, West Virginia",1,38.3101706,-80.0087746
2019,"PONTOTOC, Mississippi",1,34.2478831,-88.998673
2019,"PRINCE GEORGE'S, Maryland",9,38.7849211,-76.8720961
2019,"PRINCE WILLIAM, Virginia",7,38.7838939,-77.6077865
2019,"RALEIGH, West Virginia",7,37.7381597,-81.2518833
2019,"RANDOLPH, Illinois",2,38.0629321,-89.7755338
2019,"RANDOLPH, West Virginia",5,38.8092552,-80.0087746
2019,"RICHLAND, South Carolina",1,34.0412165,-80.9428911
2019,"RITCHIE, West Virginia",3,39.1822303,-81.0312989
2019,"ROANE, West Virginia",3,38.7564882,-81.4278984
2019,"ROSEAU, Minnesota",1,48.8460926,-95.762766
2019,"RUTHERFORD, Tennessee",2,35.7724263,-86.3376761
2019,"SAN PATRICIO, Texas",1,27.9544619,-97.7719419
2019,"SCOTLAND, North Carolina",1,34.8451203,-79.4703885
2019,"SEMINOLE, Florida",2,27.8397466,-82.7912134
2019,"SHELBY, Tennessee",1,35.1268552,-89.9253233
2019,"SPOKANE, Washington",1,47.6587802,-117.4260465
2019,"ST LOUIS, Minnesota",1,47.7395106,-92.3623921
2019,"ST LOUIS, Missouri",9,38.6270025,-90.1994042
2019,"ST TAMMANY, Louisiana",1,30.4357418,-89.9253233
2019,"STAFFORD, Virginia",1,38.4220687,-77.4083086
2019,"STEVENS, Minnesota",1,45.5215118,-95.9522178
2019,"SUMMERS, West Virginia",1,37.5812062,-80.8543847
2019,"SUSSEX, Delaware",14,38.6530841,-75.4344727
2019,"SWISHER, Texas",1,34.5532757,-101.7979613
2019,"TARRANT, Texas",13,32.7732044,-97.3516558
2019,"TWIGGS, Georgia",1,32.68356,-83.4643551
2019,"UNION, South Carolina",1,34.7154122,-81.623711
2019,"VIGO, Indiana",3,39.4165382,-87.4207518
2019,"VOLUSIA, Florida",1,29.0279842,-81.0754657
2019,"WARD, North Dakota",1,48.2147451,-101.5805256
2019,"WARREN, Virginia",1,38.9331749,-78.2476146
2019,"WASHINGTON, Oregon",2,45.5469616,-123.1386021
2019,"WAYNE, Michigan",1,42.2814269,-83.3863214
2019,"WAYNE, West Virginia",1,38.2214748,-82.4423747
2019,"WEBB, Texas",22,27.7925109,-99.4228149
2019,"WEBSTER, Louisiana",1,32.7641355,-93.3388917
2019,"WHITFIELD, Georgia",2,34.8033566,-84.981754
2019,"WINNEBAGO, Illinois",2,42.2661311,-89.2412202
2019,"WINNEBAGO, Wisconsin",1,44.0126679,-88.7108964
2019,"WOOD, West Virginia",4,39.2154345,-81.4718387
2019,"WYOMING, West Virginia",1,37.6339466,-81.5596427
2019,"ZAVALA, Texas",1,28.8801264,-99.7232673
2020,"ACCOMACK, Virginia",3,37.7063323,-75.8069082
2020,"ADAMS, Nebraska",1,40.4611108,-96.5094615
2020,"ALLEGHENY, Pennsylvania",2,40.4450813,-80.0087746
2020,"ALLEN, Ohio",1,40.769946,-84.1435136
2020,"ANNE ARUNDEL, Maryland",2,38.9530109,-76.5488232
2020,"ASHLAND, Ohio",1,40.8686675,-82.3182178
2020,"ATASCOSA, Texas",8,28.8661281,-98.5721016
2020,"BAKER, Florida",1,30.7971318,-86.681344
2020,"BALTIMORE, Maryland",1,39.2903848,-76.6121893
2020,"BEE, Texas",1,28.3624206,-97.6982272
2020,"BELL, Texas",1,31.134411,-97.5247243
2020,"BERKELEY, South Carolina",1,33.1260618,-80.0087746
2020,"BERKELEY, West Virginia",10,39.4885604,-78.0651931
2020,"BEXAR, Texas",1,29.4200763,-98.5721016
2020,"BIBB, Georgia",8,32.7865735,-83.7199136
2020,"BOONE, Kentucky",1,38.9940572,-84.7315563
2020,"BOONE, West Virginia",3,37.9838605,-81.734942
2020,"BOSSIER, Louisiana",1,32.5159852,-93.7321228
2020,"BOX ELDER, Utah",2,41.5380087,-113.1918021
2020,"BRANTLEY, Georgia",3,31.1510963,-81.9971108
2020,"BRAXTON, West Virginia",1,38.7023371,-80.7214417
2020,"BROOKE, West Virginia",1,40.2697757,-80.5660657
2020,"BURNETT, Wisconsin",1,43.504715,-88.707049
2020,"CAMDEN, Missouri",1,38.0322944,-92.6983868
2020,"CAMPBELL, Wyoming",1,44.3956107,-105.4489183
2020,"CAROLINE, Virginia",1,38.0445557,-77.2864879
2020,"CARROLL, Virginia",1,36.6778699,-80.7214417
2020,"CARSON CITY, Nevada",1,39.1637984,-119.7674034
2020,"CARVER, Minnesota",1,44.7633943,-93.6254404
2020,"CASTRO, Texas",1,34.4985047,-102.3463875
2020,"CATAWBA, North Carolina",2,35.7073558,-81.0756345
2020,"CHAMBERS, Texas",3,29.7524956,-94.6863782
2020,"CHARLEVOIX, Michigan",1,45.3180632,-85.2584004
2020,"CHEROKEE, Georgia",1,34.2514526,-84.4802606
2020,"CHESTERFIELD, Virginia",4,37.3673217,-77.6077865
2020,"CLARK, Washington",1,33.8742823,-84.2774915
2020,"CLAYTON, Georgia",8,34.8781479,-83.4009933
2020,"COBB, Georgia",16,33.8999297,-84.564147
2020,"COFFEE, Georgia",1,31.5182285,-82.820974
2020,"COLLIER, Florida",3,26.069985,-81.4278984
2020,"COOK, Illinois",1,41.7376587,-87.697554
2020,"COOKE, Texas",3,33.6672185,-97.3516558
2020,"COWETA, Georgia",10,33.3716708,-84.7315563
2020,"CRAWFORD, Georgia",1,33.8828954,-83.154596
2020,"CRAWFORD, Michigan",1,44.6524316,-84.6897495
2020,"CULPEPER, Virginia",1,38.4733409,-77.9961308
2020,"CUMBERLAND, North Carolina",4,34.9542604,-78.7476208
2020,"CUMBERLAND, Virginia",1,37.4963918,-78.2448664
2020,"DEKALB, Georgia",27,33.7956441,-84.2278796
2020,"DODGE, Georgia",1,34.0954235,-84.0104335
2020,"DOUGLAS, Colorado",1,39.2587106,-104.9388853
2020,"DOUGLAS, Georgia",6,31.5088073,-82.8498654
2020,"DURHAM, North Carolina",1,35.9940329,-78.898619
2020,"EDWARDS, Texas",43,29.9282955,-100.439656
2020,"EFFINGHAM, Georgia",1,32.378148,-81.3839326
2020,"EL PASO, Texas",1,31.7618778,-106.4850217
2020,"ELLIS, Texas",3,32.2619765,-96.8350999
2020,"FAIRFAX, Virginia",1,38.8462236,-77.3063733
2020,"FAYETTE, West Virginia",1,38.0615913,-81.0754657
2020,"FLAGLER, Florida",1,29.4086072,-81.2518833
2020,"FLOYD, Georgia",22,34.2828967,-85.2308414
2020,"FORT BEND, Texas",6,29.5692614,-95.8142885
2020,"FRANKLIN, Kentucky",3,36.7187855,-86.5785573
2020,"FULTON, Georgia",1,33.8033965,-84.3962535
2020,"GALVESTON, Texas",1,29.3013479,-94.7976958
2020,"GENESEE, Michigan",20,43.0777289,-83.6773928
2020,"GOLIAD, Texas",1,28.6683252,-97.3883265
2020,"GREENVILLE, South Carolina",3,34.8526176,-82.3940104
2020,"HALL, Georgia",1,34.30778,-83.804868
2020,"HAMILTON, Tennessee",1,35.1618966,-85.1479364
2020,"HARDY, West Virginia",2,39.0416116,-78.9288242
2020,"HARFORD, Maryland",-1,39.5838964,-76.3637285
2020,"HARRIS, Texas",93,29.7751825,-95.3102505
2020,"HAYWOOD, North Carolina",2,35.624394,-82.9931607
2020,"HENNEPIN, Minnesota",1,45.0208911,-93.5094574
2020,"HENRICO, Virginia",25,37.5059332,-77.3324425
2020,"HERNANDO, Florida",1,28.8999815,-82.3745401
2020,"HILLSBOROUGH, Florida",25,27.9903597,-82.3017728
2020,"HILLSDALE, Michigan",1,41.9200472,-84.6305101
2020,"HOPKINS, Texas",1,33.2282942,-95.4777811
2020,"HORRY, South Carolina",3,33.9196567,-78.9288242
2020,"HOWARD, Maryland",7,39.2873463,-76.964306
2020,"INGHAM, Michigan",2,42.6468943,-84.3542049
2020,"JACKSON, Michigan",1,42.245869,-84.4013462
2020,"JASPER, Missouri",1,37.3361642,-94.301336
2020,"JEFFERSON, Louisiana",1,29.9660371,-90.1531298
2020,"KANAWHA, West Virginia",10,38.2556905,-81.4278984
2020,"KENT, Michigan",1,43.0097027,-85.520024
2020,"KOSCIUSKO, Indiana",1,41.2864679,-85.8486236
2020,"LAKE OF THE WOODS, Minnesota",1,48.6943855,-94.9265474
2020,"LANCASTER, South Carolina",2,34.7204257,-80.7709014
2020,"LEE, Florida",14,30.4196584,-83.3004216
2020,"LEWIS, West Virginia",2,39.0196167,-80.543845
2020,"LEXINGTON, South Carolina",4,33.9815369,-81.2362107
2020,"LINCOLN, West Virginia",1,38.1761009,-82.0842901
2020,"LOGAN, West Virginia",2,37.8487147,-81.9934581
2020,"LOWNDES, Georgia",10,30.8600022,-83.2934086
2020,"MACOMB, Michigan",2,42.6651965,-82.9286428
2020,"MARATHON, Wisconsin",2,44.850452,-89.8505012
2020,"MARSHALL, West Virginia",2,38.4236242,-82.4247401
2020,"MASON, West Virginia",3,39.021745,-82.0290296
2020,"MCDONALD, Missouri",1,36.617812,-94.315422
2020,"MCLEAN, North Dakota",1,47.6185079,-101.131122
2020,"MERCER, West Virginia",1,37.4322638,-81.1196075
2020,"MERIWETHER, Georgia",1,33.0561282,-84.6897495
2020,"MERRIMACK, New Hampshire",2,42.8678693,-71.4948322
2020,"MILLE LACS, Minnesota",1,46.2529828,-93.6605345
2020,"MINERAL, West Virginia",2,39.4068988,-78.8835548
2020,"MONONGALIA, West Virginia",3,39.6695849,-79.9640339
2020,"MONROE, Indiana",1,40.7450468,-84.9369111
2020,"MONTGOMERY, Maryland",3,39.1547426,-77.2405153
2020,"MONTGOMERY, Ohio",5,39.2281143,-84.3541062
2020,"MONTGOMERY, Tennessee",4,36.4960406,-87.460397
2020,"MORGAN, West Virginia",4,39.5073361,-78.2476146
2020,"MORTON, North Dakota",1,46.6683872,-101.1621736
2020,"MULTNOMAH, Oregon",1,45.5145659,-122.5863211
2020,"MUSCOGEE, Georgia",7,32.4794133,-84.8984775
2020,"NEW CASTLE, Delaware",4,39.6620397,-75.5668166
2020,"NEWTON, Georgia",1,31.3129575,-84.3357424
2020,"NICHOLAS, West Virginia",1,38.3307714,-80.7657804
2020,"NYE, Nevada",1,38.5807111,-116.0413889
2020,"OAKLAND, Michigan",1,42.5921924,-83.336188
2020,"ORANGE, Florida",14,29.1383165,-80.9956105
2020,"OUTAGAMIE, Wisconsin",1,44.4636545,-88.4016041
2020,"PALM BEACH, Florida",96,26.7056206,-80.0364297
2020,"PASCO, Florida",5,28.3232418,-82.4319405
2020,"PATRICK, Virginia",2,36.6886252,-80.3213106
2020,"PAULDING, Georgia",18,33.9142037,-84.8984775
2020,"PERSON, North Carolina",1,36.3528221,-78.9288242
2020,"PICKAWAY, Ohio",1,39.687828,-82.9931607
2020,"PIERCE, Washington",1,47.0675877,-122.1295269
2020,"PITTSYLVANIA, Virginia",2,36.7440186,-79.4703885
2020,"PRINCE GEORGE'S, Maryland",2,38.7849211,-76.8720961
2020,"PRINCE GEORGE, Virginia",1,37.1593052,-77.2405153
2020,"PULASKI, Arkansas",1,34.7538615,-92.2236667
2020,"RACINE, Wisconsin",2,42.7261309,-87.7828523
2020,"RALEIGH, West Virginia",1,37.7381597,-81.2518833
2020,"RANDOLPH, Illinois",1,38.0629321,-89.7755338
2020,"RITCHIE, West Virginia",1,39.1822303,-81.0312989
2020,"ROANOKE, Virginia",1,37.2709704,-79.9414266
2020,"RUSSELL, Virginia",1,36.9904385,-82.0842901
2020,"RUTHERFORD, Tennessee",1,36.1275673,-88.9858988
2020,"SALINE, Missouri",1,39.1943564,-93.1779659
2020,"SAN PATRICIO, Texas",2,27.9544619,-97.7719419
2020,"SCOTT, Virginia",1,36.6815794,-82.605118
2020,"SEMINOLE, Florida",2,27.8397466,-82.7912134
2020,"SHEBOYGAN, Wisconsin",2,43.7508284,-87.71453
2020,"SHELBY, Tennessee",1,35.1268552,-89.9253233
2020,"SHELBY, Texas",1,30.0216106,-96.5983064
2020,"SHERBURNE, Minnesota",1,45.4644612,-93.7298983
2020,"SHIAWASSEE, Michigan",3,42.949754,-84.1857115
2020,"SOUTHAMPTON, Virginia",1,36.6788512,-77.1024902
2020,"SPOKANE, Washington",2,47.6587802,-117.4260465
2020,"ST CHARLES, Missouri",1,38.7881062,-90.4974359
2020,"ST LOUIS, Minnesota",3,47.7395106,-92.3623921
2020,"ST LOUIS, Missouri",6,38.6270025,-90.1994042
2020,"STAFFORD, Virginia",3,38.4220687,-77.4083086
2020,"SUMMIT, Ohio",1,41.0918991,-81.5596427
2020,"SUSSEX, Delaware",2,38.6530841,-75.4344727
2020,"TARRANT, Texas",4,32.7732044,-97.3516558
2020,"TAZEWELL, Virginia",2,37.1148374,-81.5195548
2020,"THOMAS, Georgia",3,30.8417409,-83.8473015
2020,"TYLER, West Virginia",2,39.4977025,-80.8543847
2020,"UPSHUR, West Virginia",1,38.8696797,-80.2321313
2020,"VOLUSIA, Florida",7,29.0279842,-81.0754657
2020,"WARD, North Dakota",1,48.2147451,-101.5805256
2020,"WASHINGTON, Minnesota",3,44.8896877,-92.8577105
2020,"WASHINGTON, Oregon",1,45.5469616,-123.1386021
2020,"WASHOE, Nevada",3,40.5608387,-119.6035495
2020,"WAYNE, Michigan",2,42.2814269,-83.3863214
2020,"WAYNE, West Virginia",1,38.2214748,-82.4423747
2020,"WEBB, Texas",17,27.7925109,-99.4228149
2020,"WHITFIELD, Georgia",2,34.8033566,-84.981754
2020,"WOOD, West Virginia",1,39.2154345,-81.4718387
2020,"WRIGHT, Minnesota",1,46.6715593,-93.0074403
2020,"WYOMING, West Virginia",1,37.6339466,-81.5596427
2020,"ZAVALA, Texas",2,28.8801264,-99.7232673
